{
    "train_loss": [
        2.0798910678701197,
        1.7335493894333536,
        1.4350199217491961,
        1.1879169192719967,
        0.944688857869899,
        0.7650851125412799,
        0.6316583080494658,
        0.5232427817709903,
        0.4632960342346354,
        0.4020158591422629,
        0.37888028393400475,
        0.3129483464550465,
        0.32497387363555585,
        0.26546038687229156,
        0.2535354659912434,
        0.2301623469337504,
        0.22901521528020818,
        0.21654642214800449,
        0.19439407517301274,
        0.1565053199834012
    ],
    "train_acc": [
        0.12965425531914893,
        0.323613221975083,
        0.42755034248879614,
        0.5488221886310172,
        0.6471552049860041,
        0.7171827503975402,
        0.7595934652267619,
        0.8053523936170213,
        0.8229483277239698,
        0.8494253424887962,
        0.8546020134966424,
        0.8800579410918216,
        0.8745250765313494,
        0.8952555085750337,
        0.9031867397592422,
        0.9060600298516294,
        0.9149411092413232,
        0.918146846142221,
        0.924890768020711,
        0.938141146872906
    ],
    "val_loss": [
        2.0575075149536133,
        1.4911065101623535,
        1.3509783744812012,
        1.0135364532470703,
        1.0185506343841553,
        0.7305837273597717,
        0.6160790324211121,
        0.5394176244735718,
        0.5526199340820312,
        0.4693866968154907,
        0.41219478845596313,
        0.43992406129837036,
        0.3634263277053833,
        0.4387666583061218,
        0.36947086453437805,
        0.4492667317390442,
        0.4437545835971832,
        0.4474983811378479,
        0.386360764503479,
        0.4080992341041565
    ],
    "val_acc": [
        0.19709725677967072,
        0.3896484375,
        0.47996363043785095,
        0.6159078478813171,
        0.6478986740112305,
        0.7280105352401733,
        0.7794989347457886,
        0.7985587120056152,
        0.8162715435028076,
        0.8303475379943848,
        0.8480266332626343,
        0.8474205136299133,
        0.8771551847457886,
        0.8378569483757019,
        0.8757745027542114,
        0.8384630680084229,
        0.8330751657485962,
        0.8393049240112305,
        0.8554350733757019,
        0.8780307173728943
    ],
    "epoch_time": [
        6.417579412460327,
        5.200807332992554,
        4.794965744018555,
        4.94645357131958,
        4.859556436538696,
        4.896976709365845,
        5.0692596435546875,
        4.873275518417358,
        5.02411150932312,
        4.824429512023926,
        4.872720956802368,
        5.300091028213501,
        4.95222544670105,
        5.03184175491333,
        4.9118077754974365,
        5.098533630371094,
        5.235577583312988,
        4.963841438293457,
        5.062666654586792,
        4.899789571762085
    ]
}